subset,split,model,job_name,seed,window_size,max_rul,hidden_size,num_layers,dropout,learning_rate,scheduler,loss,critical_threshold,critical_weight,over_weight,rmse,mae,nasa_s_score,critical_rmse_30,critical_rmse_50,overestimation_ratio,overestimation_magnitude,source_file,n_test_engines,nasa_per_engine,rmse_ref,mae_ref,nasa_per_engine_ref,critical_rmse_30_ref,critical_rmse_50_ref,overestimation_ratio_ref,overestimation_magnitude_ref,z_rmse,z_mae,z_nasa_per_engine,z_critical_rmse_30,z_critical_rmse_50,z_overestimation_ratio,z_overestimation_magnitude,sarbi_accuracy_log,sarbi_critical_log,sarbi_risk_log,sarbi_log,sarbi,job_label
FD001,test,gru_asymmetric_mse,asymmetric_w2_h64_l1_w30,42,30,130,64,1,0.2,0.001,none,asymmetric_mse,50.0,2.0,2.0,13.963415919518749,10.19312361240387,319.408691579604,4.563871568178312,5.531061916131596,0.45,4.184139909744263,D:\Beihang\Cmaps_RULE\reports\tables\deep_ablations\fd001\seed_42\asymmetric_w2_h64_l1_w30\metrics.csv,100.0,3.1940869157960403,15.76797979619515,11.86658290863037,5.40591544450233,6.349998288839378,6.864008739704783,0.63,7.189925708770752,-0.12154052774755018,-0.15201295359119976,-0.5261925449255537,-0.3302832519537327,-0.215911810084011,-0.3364722359862922,-0.5413796735676101,-0.13677674066937498,-0.27309753101887185,-0.4825592498512524,-0.2974778405131664,0.7426890406464552,Asymmetric w2
FD001,test,gru_asymmetric_mse,asymmetric_w3_h64_l1_w30,42,30,130,64,1,0.2,0.001,none,asymmetric_mse,50.0,2.0,3.0,15.800604258669589,11.161627020835876,326.40898533229193,3.571025508314202,5.346244365967202,0.38,2.626156997680664,D:\Beihang\Cmaps_RULE\reports\tables\deep_ablations\fd001\seed_42\asymmetric_w3_h64_l1_w30\metrics.csv,100.0,3.2640898533229192,15.76797979619515,11.86658290863037,5.40591544450233,6.349998288839378,6.864008739704783,0.63,7.189925708770752,0.0020668949883927775,-0.06124455417389977,-0.5045128412494615,-0.5756017315359412,-0.24989730868098636,-0.5055485656208694,-1.0071592789026005,-0.029588829592753496,-0.4127495201084638,-0.6304333817555983,-0.3575905771522718,0.699359350095447,Asymmetric w3
FD001,test,gru,baseline_lr1e-3_h64_l1_w30,42,30,130,64,1,0.2,0.001,none,mse,50.0,2.0,2.0,16.16960702341336,12.001358976364136,540.5915444502331,5.617665969116144,6.289452091530621,0.63,7.189925708770752,D:\Beihang\Cmaps_RULE\reports\tables\deep_ablations\fd001\seed_42\baseline_lr1e-3_h64_l1_w30\metrics.csv,100.0,5.40591544450233,15.76797979619515,11.86658290863037,5.40591544450233,6.349998288839378,6.864008739704783,0.63,7.189925708770752,0.025152081940210916,0.011293600501844829,0.0,-0.1225382737550189,-0.08741767638508278,0.0,0.0,0.018222841221027873,-0.10497797507005084,0.0,-0.02891837794967432,0.9714957567061083,Baseline GRU
FD001,test,gru_critical_mse,critical_w2_h64_l1_w30,42,30,130,64,1,0.2,0.001,none,critical_mse,50.0,2.0,2.0,15.742612124278052,11.396723914146424,454.5178003645247,3.904121384925572,4.574091796389057,0.6,6.290533447265625,D:\Beihang\Cmaps_RULE\reports\tables\deep_ablations\fd001\seed_42\critical_w2_h64_l1_w30\metrics.csv,100.0,4.545178003645247,15.76797979619515,11.86658290863037,5.40591544450233,6.349998288839378,6.864008739704783,0.63,7.189925708770752,-0.001610104783804263,-0.040400352752005465,-0.17342691506939806,-0.48642178281410736,-0.4058834708085254,-0.04879016409006701,-0.13363496318004703,-0.021005228767904865,-0.4461526268113164,-0.13231973935222754,-0.19982586497714958,0.8188733351902868,Critical w2
FD001,test,gru_critical_mse,critical_w3_h64_l1_w30,42,30,130,64,1,0.2,0.001,none,critical_mse,50.0,3.0,2.0,15.034046190591097,10.958734803199768,417.3476156240822,3.811209181359369,4.79554639506626,0.54,5.997777099609375,D:\Beihang\Cmaps_RULE\reports\tables\deep_ablations\fd001\seed_42\critical_w3_h64_l1_w30\metrics.csv,100.0,4.173476156240822,15.76797979619515,11.86658290863037,5.40591544450233,6.349998288839378,6.864008739704783,0.63,7.189925708770752,-0.04766391337043308,-0.0795894537043239,-0.2587445074710847,-0.5105080341027507,-0.35860398254111236,-0.15415067956270795,-0.18129192189115506,-0.06362668353737849,-0.43455600832193153,-0.21323290409900808,-0.23713853198610602,0.7888819950579204,Critical w3
FD001,test,gru_safety_mse,safety_w1p5_h64_l1_w30,42,30,130,64,1,0.2,0.001,none,safety_mse,50.0,1.5,1.5,14.910332582446122,10.855693755149842,313.3805896749288,4.52477967540161,4.717846074621988,0.52,4.4661174011230464,D:\Beihang\Cmaps_RULE\reports\tables\deep_ablations\fd001\seed_42\safety_w1p5_h64_l1_w30\metrics.csv,100.0,3.133805896749288,15.76797979619515,11.86658290863037,5.40591544450233,6.349998288839378,6.864008739704783,0.63,7.189925708770752,-0.055926854002110865,-0.08903657849292654,-0.5452455992038461,-0.3388856579194389,-0.37493928006542837,-0.19189100747432997,-0.4761613981881504,-0.0724817162475187,-0.3569124689924337,-0.43963590101754313,-0.2896766954191652,0.7485055237282934,Safety w1.5
FD001,test,gru_safety_mse,safety_w2_h64_l1_w30,42,30,130,64,1,0.2,0.001,none,safety_mse,50.0,2.0,2.0,14.461382770705288,10.127872638702392,292.03603534772503,3.3401147465362904,4.223524055682845,0.43,3.099155998229981,D:\Beihang\Cmaps_RULE\reports\tables\deep_ablations\fd001\seed_42\safety_w2_h64_l1_w30\metrics.csv,100.0,2.92036035347725,15.76797979619515,11.86658290863037,5.40591544450233,6.349998288839378,6.864008739704783,0.63,7.189925708770752,-0.08649944907199514,-0.1584350007338756,-0.6157867891368929,-0.6424493816396722,-0.48562177151671115,-0.3819346099596905,-0.841551023132403,-0.12246722490293536,-0.5640355765781917,-0.6137648028414698,-0.43342253477419895,0.6482865103314432,Safety w2
FD001,test,gru_safety_mse,safety_w3_h64_l1_w30,42,30,130,64,1,0.2,0.001,none,safety_mse,50.0,3.0,3.0,14.893563947488776,10.445845835208893,296.051094972052,3.01053177584771,4.679647141829049,0.37,2.492733335494995,D:\Beihang\Cmaps_RULE\reports\tables\deep_ablations\fd001\seed_42\safety_w3_h64_l1_w30\metrics.csv,100.0,2.96051094972052,15.76797979619515,11.86658290863037,5.40591544450233,6.349998288839378,6.864008739704783,0.63,7.189925708770752,-0.05705211872773348,-0.1275219192474996,-0.6021319349445875,-0.7463378103823883,-0.3830689253418802,-0.532216812631907,-1.0593010053250362,-0.09228701898761653,-0.5647033678621343,-0.6989454219615296,-0.45197860293709347,0.6363677859809609,Safety w3
FD001,test,gru_asymmetric_mse,asymmetric_w2_h64_l1_w30,43,30,130,64,1,0.2,0.001,none,asymmetric_mse,50.0,2.0,2.0,14.927239725358955,10.607073090076447,502.6896538502359,4.393143679728289,5.43191874603642,0.49,5.382784843444824,D:\Beihang\Cmaps_RULE\reports\tables\deep_ablations\fd001\seed_43\asymmetric_w2_h64_l1_w30\metrics.csv,100.0,5.026896538502359,15.76797979619515,11.86658290863037,5.40591544450233,6.349998288839378,6.864008739704783,0.63,7.189925708770752,-0.05479357515845694,-0.11220523965413887,-0.0726910033340465,-0.3684094723847101,-0.23399920365693108,-0.2513144278273913,-0.2894749699126333,-0.08349940740629791,-0.3012043380208206,-0.17154285110202938,-0.18541553217638262,0.8307590050224556,Asymmetric w2
FD001,test,gru_asymmetric_mse,asymmetric_w3_h64_l1_w30,43,30,130,64,1,0.2,0.001,none,asymmetric_mse,50.0,2.0,3.0,14.686015656492676,10.34425448179245,295.4960194819589,3.6347699222589447,4.6154831083649945,0.49,3.460478363037109,D:\Beihang\Cmaps_RULE\reports\tables\deep_ablations\fd001\seed_43\asymmetric_w3_h64_l1_w30\metrics.csv,100.0,2.954960194819589,15.76797979619515,11.86658290863037,5.40591544450233,6.349998288839378,6.864008739704783,0.63,7.189925708770752,-0.07108556341633114,-0.13729504784938928,-0.6040086262148376,-0.5579087294450057,-0.39687509070227467,-0.2513144278273913,-0.7312740042262951,-0.10419030563286022,-0.4773919100736402,-0.5476514211208404,-0.3764112122757802,0.6863200517771132,Asymmetric w3
FD001,test,gru,baseline_lr1e-3_h64_l1_w30,43,30,130,64,1,0.2,0.001,none,mse,50.0,2.0,2.0,15.76797979619515,11.86658290863037,543.1504971820958,6.349998288839378,7.138655649214538,0.63,8.177611064910888,D:\Beihang\Cmaps_RULE\reports\tables\deep_ablations\fd001\seed_43\baseline_lr1e-3_h64_l1_w30\metrics.csv,100.0,5.431504971820958,15.76797979619515,11.86658290863037,5.40591544450233,6.349998288839378,6.864008739704783,0.63,7.189925708770752,0.0,0.0,0.004722447572937056,0.0,0.03923283874255211,0.0,0.12871922298725935,0.0,0.019616419371276055,0.03454102953328336,0.01805248296818647,1.0182164140071623,Baseline GRU
FD001,test,gru_critical_mse,critical_w2_h64_l1_w30,43,30,130,64,1,0.2,0.001,none,critical_mse,50.0,2.0,2.0,15.058347135052133,11.09316080570221,452.3130003761864,4.121614726615357,5.250171696088971,0.62,7.001726818084717,D:\Beihang\Cmaps_RULE\reports\tables\deep_ablations\fd001\seed_43\critical_w2_h64_l1_w30\metrics.csv,100.0,4.523130003761864,15.76797979619515,11.86658290863037,5.40591544450233,6.349998288839378,6.864008739704783,0.63,7.189925708770752,-0.046048824169724244,-0.06739751610423973,-0.17828957374951043,-0.4322095328302304,-0.2680308553213673,-0.016000341320839523,-0.026524032168174498,-0.056723170136981985,-0.35012019407579886,-0.09977588024700872,-0.16887308148659652,0.8446160940027011,Critical w2
FD001,test,gru_critical_mse,critical_w3_h64_l1_w30,43,30,130,64,1,0.2,0.001,none,critical_mse,50.0,3.0,2.0,14.587890931354003,10.64090926885605,395.8860297750694,3.25119735302315,5.158809279486536,0.61,7.09740608215332,D:\Beihang\Cmaps_RULE\reports\tables\deep_ablations\fd001\seed_43\critical_w3_h64_l1_w30\metrics.csv,100.0,3.958860297750694,15.76797979619515,11.86658290863037,5.40591544450233,6.349998288839378,6.864008739704783,0.63,7.189925708770752,-0.077789492209442,-0.10902035303231467,-0.3115376263730883,-0.6694311984725168,-0.28558584232880524,-0.03226086216617882,-0.012951462348305742,-0.09340492262087832,-0.477508520400661,-0.16707189431516528,-0.24599511244556818,0.7819260466222524,Critical w3
FD001,test,gru_safety_mse,safety_w1p5_h64_l1_w30,43,30,130,64,1,0.2,0.001,none,safety_mse,50.0,1.5,1.5,14.577538973177434,10.586144058704376,414.7923493214054,5.016946120034049,5.147828860929955,0.56,5.834768877029419,D:\Beihang\Cmaps_RULE\reports\tables\deep_ablations\fd001\seed_43\safety_w1p5_h64_l1_w30\metrics.csv,100.0,4.147923493214054,15.76797979619515,11.86658290863037,5.40591544450233,6.349998288839378,6.864008739704783,0.63,7.189925708770752,-0.07849937090106188,-0.11418030913289452,-0.2648859606910012,-0.23563313742312048,-0.28771659001960215,-0.11778303545797073,-0.2088461838797488,-0.0963398400169782,-0.2616748637213613,-0.21410028517993046,-0.19070499630608997,0.8263763362678875,Safety w1.5
FD001,test,gru_safety_mse,safety_w2_h64_l1_w30,43,30,130,64,1,0.2,0.001,none,safety_mse,50.0,2.0,2.0,14.679426147210757,10.190386559963226,353.89871958625,3.7839272889661686,4.6447462150542655,0.4,3.968422565460205,D:\Beihang\Cmaps_RULE\reports\tables\deep_ablations\fd001\seed_43\safety_w2_h64_l1_w30\metrics.csv,100.0,3.5389871958625,15.76797979619515,11.86658290863037,5.40591544450233,6.349998288839378,6.864008739704783,0.63,7.189925708770752,-0.07153435689515038,-0.15228150914749802,-0.4236532232410452,-0.5176921077081313,-0.390554900765302,-0.45425527136489774,-0.5943121619254221,-0.11190793302132421,-0.45412350423671666,-0.47396846994310254,-0.3466666357337145,0.7070409911760263,Safety w2
FD001,test,gru_safety_mse,safety_w3_h64_l1_w30,43,30,130,64,1,0.2,0.001,none,safety_mse,50.0,3.0,3.0,14.56068376226539,10.407053682804108,301.2168110822849,3.45211720303274,5.098940594371436,0.34,3.129148426055908,D:\Beihang\Cmaps_RULE\reports\tables\deep_ablations\fd001\seed_43\safety_w3_h64_l1_w30\metrics.csv,100.0,3.012168110822849,15.76797979619515,11.86658290863037,5.40591544450233,6.349998288839378,6.864008739704783,0.63,7.189925708770752,-0.07965628516751597,-0.13124247591311294,-0.5848336844720492,-0.6094668184423284,-0.2972588438431458,-0.6167742004214962,-0.8319199397399873,-0.10544938054031446,-0.4533628311427371,-0.6545903772763955,-0.40446752965314897,0.6673320508012683,Safety w3
FD001,test,gru_asymmetric_mse,asymmetric_w2_h64_l1_w30,44,30,130,64,1,0.2,0.001,none,asymmetric_mse,50.0,2.0,2.0,15.034779586612224,10.27379780292511,492.6840584212684,3.938713685702047,5.250080131641952,0.53,5.2845790529251095,D:\Beihang\Cmaps_RULE\reports\tables\deep_ablations\fd001\seed_44\asymmetric_w2_h64_l1_w30\metrics.csv,100.0,4.926840584212684,15.76797979619515,11.86658290863037,5.40591544450233,6.349998288839378,6.864008739704783,0.63,7.189925708770752,-0.04761513221571431,-0.14412953950180984,-0.09279587917748927,-0.47760034903913523,-0.26804829575013145,-0.17284281253991993,-0.30788787230154496,-0.09587233585876208,-0.37282432239463337,-0.16658061079911085,-0.21175908968416873,0.8091596089844298,Asymmetric w2
FD001,test,gru_asymmetric_mse,asymmetric_w3_h64_l1_w30,44,30,130,64,1,0.2,0.001,none,asymmetric_mse,50.0,2.0,3.0,16.146123292114982,11.783827605247495,362.9069576490332,4.290475067282515,5.581147325882914,0.35,3.05769006729126,D:\Beihang\Cmaps_RULE\reports\tables\deep_ablations\fd001\seed_44\asymmetric_w3_h64_l1_w30\metrics.csv,100.0,3.629069576490332,15.76797979619515,11.86658290863037,5.40591544450233,6.349998288839378,6.864008739704783,0.63,7.189925708770752,0.023698688487458656,-0.006998241411053936,-0.3985175061887955,-0.39205707825167024,-0.20689726620329882,-0.5877866636322777,-0.8550210879857679,0.00835022353820236,-0.29947717222748454,-0.5599606909989091,-0.28369587989606376,0.7529956109912844,Asymmetric w3
FD001,test,gru,baseline_lr1e-3_h64_l1_w30,44,30,130,64,1,0.2,0.001,none,mse,50.0,2.0,2.0,15.286170482488195,11.370260682106018,406.6985502308781,6.528110552073127,6.864008739704783,0.6,6.244542999267578,D:\Beihang\Cmaps_RULE\reports\tables\deep_ablations\fd001\seed_44\baseline_lr1e-3_h64_l1_w30\metrics.csv,100.0,4.066985502308781,15.76797979619515,11.86658290863037,5.40591544450233,6.349998288839378,6.864008739704783,0.63,7.189925708770752,-0.03103275892069046,-0.042725056214075206,-0.28459174441959373,0.0276630091438842,0.0,-0.04879016409006701,-0.14097287684169493,-0.03687890756738283,0.0138315045719421,-0.18973663244273734,-0.07092801181272601,0.9315289487943361,Baseline GRU
FD001,test,gru_critical_mse,critical_w2_h64_l1_w30,44,30,130,64,1,0.2,0.001,none,critical_mse,50.0,2.0,2.0,15.236071087106446,11.225652356147766,587.3510767535755,4.858747113326889,6.135353586471318,0.59,7.629854583740235,D:\Beihang\Cmaps_RULE\reports\tables\deep_ablations\fd001\seed_44\critical_w2_h64_l1_w30\metrics.csv,100.0,5.873510767535755,15.76797979619515,11.86658290863037,5.40591544450233,6.349998288839378,6.864008739704783,0.63,7.189925708770752,-0.03431557419211412,-0.05552474259843788,0.08295873482012167,-0.2676739343164657,-0.11222392462582681,-0.06559728237819969,0.05938794751672455,-0.044920158395275994,-0.18994892947114625,0.039927033694692055,-0.06498068472391007,0.9370855632689751,Critical w2
FD001,test,gru_critical_mse,critical_w3_h64_l1_w30,44,30,130,64,1,0.2,0.001,none,critical_mse,50.0,3.0,2.0,14.53924548381896,10.411249775886535,460.5757115351754,4.228313176002602,5.841643403875975,0.54,6.2310278034210205,D:\Beihang\Cmaps_RULE\reports\tables\deep_ablations\fd001\seed_44\critical_w3_h64_l1_w30\metrics.csv,100.0,4.605757115351754,15.76797979619515,11.86658290863037,5.40591544450233,6.349998288839378,6.864008739704783,0.63,7.189925708770752,-0.08112971021554083,-0.1308393601503733,-0.16018673887446172,-0.40665140618440254,-0.1612794733998448,-0.15415067956270795,-0.14313954341677013,-0.10598453518295707,-0.2839654397921237,-0.15441592518210037,-0.1814553000523937,0.8340555267085796,Critical w3
FD001,test,gru_safety_mse,safety_w1p5_h64_l1_w30,44,30,130,64,1,0.2,0.001,none,safety_mse,50.0,1.5,1.5,14.51032367351709,10.717074208259582,333.35222379645865,5.53503380250495,6.4017986314699264,0.55,5.342727441787719,D:\Beihang\Cmaps_RULE\reports\tables\deep_ablations\fd001\seed_44\safety_w1p5_h64_l1_w30\metrics.csv,100.0,3.3335222379645866,15.76797979619515,11.86658290863037,5.40591544450233,6.349998288839378,6.864008739704783,0.63,7.189925708770752,-0.08312091495246696,-0.10188810083749517,-0.4834643324608298,-0.13735687021834622,-0.0697126483918099,-0.13580154092818142,-0.29694455958511434,-0.09250450789498106,-0.10353475930507806,-0.3499186913587388,-0.18198598618626596,0.8336130224315029,Safety w1.5
FD001,test,gru_safety_mse,safety_w2_h64_l1_w30,44,30,130,64,1,0.2,0.001,none,safety_mse,50.0,2.0,2.0,16.398154807123785,11.58081357717514,423.050610711806,6.686942077971904,6.978526642651821,0.3,3.2951465606689454,D:\Beihang\Cmaps_RULE\reports\tables\deep_ablations\fd001\seed_44\safety_w2_h64_l1_w30\metrics.csv,100.0,4.230506107118059,15.76797979619515,11.86658290863037,5.40591544450233,6.349998288839378,6.864008739704783,0.63,7.189925708770752,0.039187528204347816,-0.02437656412816645,-0.24517217366011015,0.05170213771047793,0.01654617632429543,-0.7419373429833455,-0.7802301922553834,0.007405482038090683,0.03412415701738668,-0.5031279706397374,-0.15386611052808666,0.8573868083938763,Safety w2
FD001,test,gru_safety_mse,safety_w3_h64_l1_w30,44,30,130,64,1,0.2,0.001,none,safety_mse,50.0,3.0,3.0,15.62280141808728,11.293947443962097,373.0518764478007,4.623765586064724,5.311679552563362,0.33,3.229887104034424,D:\Beihang\Cmaps_RULE\reports\tables\deep_ablations\fd001\seed_44\safety_w3_h64_l1_w30\metrics.csv,100.0,3.7305187644780067,15.76797979619515,11.86658290863037,5.40591544450233,6.349998288839378,6.864008739704783,0.63,7.189925708770752,-0.0092498120525338,-0.049459333107052174,-0.3709465036686318,-0.3172451083418247,-0.2563835502499428,-0.6466271634820508,-0.800233654619568,-0.029354572579792987,-0.28681432929588374,-0.5471884563597206,-0.2877857860784657,0.7499222188135406,Safety w3
FD002,test,gru_asymmetric_mse,asymmetric_w2_h64_l1_w30,42,30,130,64,1,0.2,0.001,none,asymmetric_mse,50.0,2.0,2.0,18.366699965769502,14.133244094701348,1481.852243385746,6.127295270854822,11.398942693081462,0.3629343629343629,5.211791283375508,D:\Beihang\Cmaps_RULE\reports\tables\deep_ablations\fd002\seed_42\asymmetric_w2_h64_l1_w30\metrics.csv,259.0,5.721437233149599,19.03801467384152,13.929827221572168,7.131325214982409,6.445152007944717,10.183510054975065,0.4015444015444015,5.286871438781267,-0.035898512085394366,0.014497375112831484,-0.22027704340816637,-0.05057479717869111,0.11275085406157119,-0.10109611660643428,-0.014303047416204416,-0.010700568486281441,0.03108802844144004,-0.13898831270974285,-0.039533617584861416,0.9612376389595249,Asymmetric w2
FD002,test,gru_asymmetric_mse,asymmetric_w3_h64_l1_w30,42,30,130,64,1,0.2,0.001,none,asymmetric_mse,50.0,2.0,3.0,22.84220233299876,17.204811254063166,2441.096559419952,5.110076232001663,9.126615867849804,0.2471042471042471,2.443232812476434,D:\Beihang\Cmaps_RULE\reports\tables\deep_ablations\fd002\seed_42\asymmetric_w3_h64_l1_w30\metrics.csv,259.0,9.425083241003676,19.03801467384152,13.929827221572168,7.131325214982409,6.445152007944717,10.183510054975065,0.4015444015444015,5.286871438781267,0.1821720519227822,0.21115668438184382,0.27887748338825213,-0.2321138991746839,-0.10957478559522427,-0.48550781422521033,-0.7719045747445873,0.19666436815231303,-0.17084434238495408,-0.17491435554832335,-0.049698109926988136,0.951516634571881,Asymmetric w3
FD002,test,gru,baseline_lr1e-3_h64_l1_w30,42,30,130,64,1,0.2,0.001,none,mse,50.0,2.0,2.0,19.1442706690345,14.515531384346568,1847.013230680444,6.955990750988542,10.183510054975065,0.4015444015444015,5.286871438781267,D:\Beihang\Cmaps_RULE\reports\tables\deep_ablations\fd002\seed_42\baseline_lr1e-3_h64_l1_w30\metrics.csv,259.0,7.131325214982409,19.03801467384152,13.929827221572168,7.131325214982409,6.445152007944717,10.183510054975065,0.4015444015444015,5.286871438781267,0.0055657364941797535,0.04118682174633759,0.0,0.0762750453151456,0.0,0.0,0.0,0.02337627912025867,0.0381375226575728,0.0,0.02050460059261049,1.0207162641320937,Baseline GRU
FD002,test,gru_critical_mse,critical_w2_h64_l1_w30,42,30,130,64,1,0.2,0.001,none,critical_mse,50.0,2.0,2.0,19.69580243037654,14.945325373682737,1643.1490058717995,5.3833783471045935,8.711451356645545,0.3590733590733591,4.622453833178664,D:\Beihang\Cmaps_RULE\reports\tables\deep_ablations\fd002\seed_42\critical_w2_h64_l1_w30\metrics.csv,259.0,6.344204655875674,19.03801467384152,13.929827221572168,7.131325214982409,6.445152007944717,10.183510054975065,0.4015444015444015,5.286871438781267,0.03396778584366199,0.07036618251951841,-0.11695533822639759,-0.18001209883203775,-0.15613134273372986,-0.11179140569355504,-0.1343009636373188,0.0521669841815902,-0.1680717207828838,-0.12000076144591726,-0.07863516601573695,0.9243771071164489,Critical w2
FD002,test,gru_critical_mse,critical_w3_h64_l1_w30,42,30,130,64,1,0.2,0.001,none,critical_mse,50.0,3.0,2.0,19.78423927369824,14.676313407632836,1750.465400340618,5.016975803491606,8.04330980062553,0.3590733590733591,4.221960297882787,D:\Beihang\Cmaps_RULE\reports\tables\deep_ablations\fd002\seed_42\critical_w3_h64_l1_w30\metrics.csv,259.0,6.758553669268796,19.03801467384152,13.929827221572168,7.131325214982409,6.445152007944717,10.183510054975065,0.4015444015444015,5.286871438781267,0.038447871852653845,0.05220247699213483,-0.053688168888471006,-0.2505008988886444,-0.23592908555632056,-0.11179140569355504,-0.22492711467807697,0.04532517442239434,-0.2432149922224825,-0.1110237145371435,-0.10297117744574388,0.9021529754598755,Critical w3
FD002,test,gru_safety_mse,safety_w1p5_h64_l1_w30,42,30,130,64,1,0.2,0.001,none,safety_mse,50.0,1.5,1.5,19.89368042526712,15.276387413035948,1656.1744950915604,5.540731271767913,9.13773283776869,0.3552123552123552,4.46817465454455,D:\Beihang\Cmaps_RULE\reports\tables\deep_ablations\fd002\seed_42\safety_w1p5_h64_l1_w30\metrics.csv,259.0,6.394496120044635,19.03801467384152,13.929827221572168,7.131325214982409,6.445152007944717,10.183510054975065,0.4015444015444015,5.286871438781267,0.043964362129021946,0.09227594554876302,-0.10905944266667643,-0.15120173093194703,-0.10835744448224824,-0.12260232176749954,-0.16824668990711455,0.06812015383889249,-0.12977958770709763,-0.12724197425199174,-0.06296713604006562,0.9389743315968869,Safety w1.5
FD002,test,gru_safety_mse,safety_w2_h64_l1_w30,42,30,130,64,1,0.2,0.001,none,safety_mse,50.0,2.0,2.0,20.71746239864051,15.723235369649172,1802.511824762158,5.649910398001186,9.154283029021746,0.3204633204633205,3.410663398536476,D:\Beihang\Cmaps_RULE\reports\tables\deep_ablations\fd002\seed_42\safety_w2_h64_l1_w30\metrics.csv,259.0,6.959505114911807,19.03801467384152,13.929827221572168,7.131325214982409,6.445152007944717,10.183510054975065,0.4015444015444015,5.286871438781267,0.08453918618400912,0.12110719375321814,-0.024388714166993886,-0.13168853522590754,-0.10654789042457781,-0.22555029071467728,-0.43831984297634263,0.10282318996861363,-0.11911821282524268,-0.17816189050625192,-0.06481897112096033,0.9372371150053419,Safety w2
FD002,test,gru_safety_mse,safety_w3_h64_l1_w30,42,30,130,64,1,0.2,0.001,none,safety_mse,50.0,3.0,3.0,21.278123108118663,15.70039086084108,2065.764883818113,4.424231690456673,6.408829232625135,0.3281853281853282,3.0242796956802427,D:\Beihang\Cmaps_RULE\reports\tables\deep_ablations\fd002\seed_42\safety_w3_h64_l1_w30\metrics.csv,259.0,7.975926192347927,19.03801467384152,13.929827221572168,7.131325214982409,6.445152007944717,10.183510054975065,0.4015444015444015,5.286871438781267,0.11124170817689528,0.11965322324939578,0.11193069707478603,-0.3762315873393625,-0.46309314351422864,-0.20173964209438194,-0.5585537143403176,0.11544746571314554,-0.4196623654267956,-0.13410799057128187,-0.1461076300949773,0.8640646988140981,Safety w3
FD002,test,gru_asymmetric_mse,asymmetric_w2_h64_l1_w30,43,30,130,64,1,0.2,0.001,none,asymmetric_mse,50.0,2.0,2.0,19.47737445553111,14.269371168033496,1581.0881869863158,5.286430818990906,7.450928989273116,0.3474903474903475,3.608434852025684,D:\Beihang\Cmaps_RULE\reports\tables\deep_ablations\fd002\seed_43\asymmetric_w2_h64_l1_w30\metrics.csv,259.0,6.10458759454176,19.03801467384152,13.929827221572168,7.131325214982409,6.445152007944717,10.183510054975065,0.4015444015444015,5.286871438781267,0.022815754991045108,0.02408297942317939,-0.15545652858652761,-0.19818490673441588,-0.31243102960604646,-0.1445812284237143,-0.3819525410565097,0.02344936720711225,-0.25530796817023116,-0.20936170666331982,-0.14707343587547958,0.8632305829950325,Asymmetric w2
FD002,test,gru_asymmetric_mse,asymmetric_w3_h64_l1_w30,43,30,130,64,1,0.2,0.001,none,asymmetric_mse,50.0,2.0,3.0,20.136823749242385,15.04776593893191,1794.9876247378943,5.7384619670569865,9.459654691228335,0.2972972972972973,3.28529825541964,D:\Beihang\Cmaps_RULE\reports\tables\deep_ablations\fd002\seed_43\asymmetric_w3_h64_l1_w30\metrics.csv,259.0,6.93045414956716,19.03801467384152,13.929827221572168,7.131325214982409,6.445152007944717,10.183510054975065,0.4015444015444015,5.286871438781267,0.05611241367767569,0.07719715319311854,-0.028571736902721717,-0.1161369970639944,-0.07373387038551918,-0.3005854764144369,-0.4757692194231602,0.06665478343539712,-0.0949354337247568,-0.20837454241076014,-0.07888506423337327,0.9241461357858206,Asymmetric w3
FD002,test,gru,baseline_lr1e-3_h64_l1_w30,43,30,130,64,1,0.2,0.001,none,mse,50.0,2.0,2.0,19.03801467384152,13.929827221572168,1874.4423455724489,5.529714604874454,7.156149812800735,0.3899613899613899,4.786804526929229,D:\Beihang\Cmaps_RULE\reports\tables\deep_ablations\fd002\seed_43\baseline_lr1e-3_h64_l1_w30\metrics.csv,259.0,7.237229133484359,19.03801467384152,13.929827221572168,7.131325214982409,6.445152007944717,10.183510054975065,0.4015444015444015,5.286871438781267,0.0,0.0,0.014741334961984416,-0.15319201581312705,-0.35279765006620795,-0.02927038222614144,-0.09936358503225035,0.0,-0.2529948329396675,-0.02478782433360574,-0.09259421909109108,0.9115633202507468,Baseline GRU
FD002,test,gru_critical_mse,critical_w2_h64_l1_w30,43,30,130,64,1,0.2,0.001,none,critical_mse,50.0,2.0,2.0,17.565833312997082,13.012047960030989,1877.7883973614853,6.322005176519915,10.600106173589513,0.4594594594594595,6.008650024885377,D:\Beihang\Cmaps_RULE\reports\tables\deep_ablations\fd002\seed_43\critical_w2_h64_l1_w30\metrics.csv,259.0,7.2501482523609475,19.03801467384152,13.929827221572168,7.131325214982409,6.445152007944717,10.183510054975065,0.4015444015444015,5.286871438781267,-0.0804820263242441,-0.0681566899416305,0.016524835447301423,-0.019291788912889515,0.04009426663408077,0.1347325936562429,0.12797344133016458,-0.0743193581329373,0.010401238860595628,0.07393892647025258,0.003340269065970302,1.003345853981329,Critical w2
FD002,test,gru_critical_mse,critical_w3_h64_l1_w30,43,30,130,64,1,0.2,0.001,none,critical_mse,50.0,3.0,2.0,17.672091358273327,12.91538931228019,1403.9055282963209,5.824465960551467,8.039405363396344,0.4671814671814672,5.152287343294004,D:\Beihang\Cmaps_RULE\reports\tables\deep_ablations\fd002\seed_43\critical_w3_h64_l1_w30\metrics.csv,259.0,5.42048466523676,19.03801467384152,13.929827221572168,7.131325214982409,6.445152007944717,10.183510054975065,0.4015444015444015,5.286871438781267,-0.07445111682385405,-0.07561281408760202,-0.27431184868108743,-0.10126090684613896,-0.23641463010095576,0.1513996461054797,-0.0257859000731277,-0.07503196545572804,-0.16883776847354737,-0.10575248783245571,-0.1165407405872437,0.8899938373664861,Critical w3
FD002,test,gru_safety_mse,safety_w1p5_h64_l1_w30,43,30,130,64,1,0.2,0.001,none,safety_mse,50.0,1.5,1.5,19.17392492563496,13.971351073055194,1535.8383068255305,5.157274737840832,7.510706350909592,0.3822393822393822,3.905311512670922,D:\Beihang\Cmaps_RULE\reports\tables\deep_ablations\fd002\seed_43\safety_w1p5_h64_l1_w30\metrics.csv,259.0,5.929877632531006,19.03801467384152,13.929827221572168,7.131325214982409,6.445152007944717,10.183510054975065,0.4015444015444015,5.286871438781267,0.007113526626716453,0.002976496669666877,-0.18449350430789793,-0.22291993308968353,-0.3044402347031733,-0.049271048881005815,-0.3028891075318211,0.0050450116481916656,-0.2636800838964284,-0.1802867912571557,-0.1463072878351308,0.8638921988300379,Safety w1.5
FD002,test,gru_safety_mse,safety_w2_h64_l1_w30,43,30,130,64,1,0.2,0.001,none,safety_mse,50.0,2.0,2.0,20.93012288923689,14.981472697037066,2433.798040677498,4.4456768498770005,7.093129779304109,0.3706563706563706,3.308606418403419,D:\Beihang\Cmaps_RULE\reports\tables\deep_ablations\fd002\seed_43\safety_w2_h64_l1_w30\metrics.csv,259.0,9.396903631959452,19.03801467384152,13.929827221572168,7.131325214982409,6.445152007944717,10.183510054975065,0.4015444015444015,5.286871438781267,0.09475165528107969,0.07278189975363114,0.2758831523129697,-0.3713960918877734,-0.36164307189659917,-0.0800427074660045,-0.4686995812625608,0.08376677751735542,-0.36651958189218625,0.0007560039743435415,-0.0939989334668291,0.9102837330880454,Safety w2
FD002,test,gru_safety_mse,safety_w3_h64_l1_w30,43,30,130,64,1,0.2,0.001,none,safety_mse,50.0,3.0,3.0,21.7076014671387,16.005937776970587,2200.3380524392046,4.826660369441955,7.446380361297719,0.2895752895752895,2.534242346480086,D:\Beihang\Cmaps_RULE\reports\tables\deep_ablations\fd002\seed_43\safety_w3_h64_l1_w30\metrics.csv,259.0,8.495513715981485,19.03801467384152,13.929827221572168,7.131325214982409,6.445152007944717,10.183510054975065,0.4015444015444015,5.286871438781267,0.1312247446300175,0.13892738006459987,0.17504114421004743,-0.28917342785248357,-0.3130416939896741,-0.32690278464211364,-0.735331945031996,0.13507606234730868,-0.3011075609210788,-0.1780381103135037,-0.11468986962909128,0.8916426264902637,Safety w3
FD002,test,gru_asymmetric_mse,asymmetric_w2_h64_l1_w30,44,30,130,64,1,0.2,0.001,none,asymmetric_mse,50.0,2.0,2.0,21.05534577716013,16.211672465658555,1690.1335168868663,6.297731713829394,9.55566000985858,0.277992277992278,2.8303614877826,D:\Beihang\Cmaps_RULE\reports\tables\deep_ablations\fd002\seed_44\asymmetric_w2_h64_l1_w30\metrics.csv,259.0,6.525612034312226,19.03801467384152,13.929827221572168,7.131325214982409,6.445152007944717,10.183510054975065,0.4015444015444015,5.286871438781267,0.10071673144684384,0.15169912096612737,-0.08876233462441539,-0.02313869837419474,-0.06363610067802244,-0.36772477901847966,-0.6248222226189577,0.1262079262064856,-0.043387399526108594,-0.29251791772156704,-0.06989913034706335,0.9324878748905295,Asymmetric w2
FD002,test,gru_asymmetric_mse,asymmetric_w3_h64_l1_w30,44,30,130,64,1,0.2,0.001,none,asymmetric_mse,50.0,2.0,3.0,22.909431251453533,17.505239286017694,2155.0227282972023,6.172271408151609,9.15750205860848,0.2239382239382239,1.9571268383600533,D:\Beihang\Cmaps_RULE\reports\tables\deep_ablations\fd002\seed_44\asymmetric_w3_h64_l1_w30\metrics.csv,259.0,8.320551074506573,19.03801467384152,13.929827221572168,7.131325214982409,6.445152007944717,10.183510054975065,0.4015444015444015,5.286871438781267,0.18511091821333248,0.22846783949781524,0.15423140572687125,-0.04326131387751234,-0.10619631032420683,-0.5839478866198208,-0.9937491611922075,0.20678937885557386,-0.07472881210085959,-0.31730855908957145,-0.06174933077828573,0.940118516034089,Asymmetric w3
FD002,test,gru,baseline_lr1e-3_h64_l1_w30,44,30,130,64,1,0.2,0.001,none,mse,50.0,2.0,2.0,18.096734558639582,13.656519963934617,1580.4088836765366,6.445152007944717,10.45545386936724,0.4208494208494208,5.761974874150339,D:\Beihang\Cmaps_RULE\reports\tables\deep_ablations\fd002\seed_44\baseline_lr1e-3_h64_l1_w30\metrics.csv,259.0,6.10196480183991,19.03801467384152,13.929827221572168,7.131325214982409,6.445152007944717,10.183510054975065,0.4015444015444015,5.286871438781267,-0.050706241721150486,-0.0198153237538437,-0.15588626380686085,0.0,0.026353992833678796,0.04695698297353307,0.08605361554490895,-0.035260782737497096,0.013176996416839398,-0.04469048227381992,-0.02225808953149254,0.9779877940648477,Baseline GRU
FD002,test,gru_critical_mse,critical_w2_h64_l1_w30,44,30,130,64,1,0.2,0.001,none,critical_mse,50.0,2.0,2.0,17.754067935848827,13.566012466276014,1383.1261588557063,6.275715399181367,9.04233664977738,0.3861003861003861,5.3001124481436825,D:\Beihang\Cmaps_RULE\reports\tables\deep_ablations\fd002\seed_44\critical_w2_h64_l1_w30\metrics.csv,259.0,5.340255439597322,19.03801467384152,13.929827221572168,7.131325214982409,6.445152007944717,10.183510054975065,0.4015444015444015,5.286871438781267,-0.06982308344267503,-0.0264648029211828,-0.2892235948037687,-0.026640735158187157,-0.11885213083206461,-0.03922071305366586,0.002501376483669154,-0.04814394318192891,-0.07274643299512588,-0.15379163154438352,-0.09156066924047943,0.9125059534294935,Critical w2
FD002,test,gru_critical_mse,critical_w3_h64_l1_w30,44,30,130,64,1,0.2,0.001,none,critical_mse,50.0,3.0,2.0,19.692184858537704,14.489015696131585,1667.3592189060046,5.694706509150197,7.60767913385241,0.3513513513513513,3.709111810190797,D:\Beihang\Cmaps_RULE\reports\tables\deep_ablations\fd002\seed_44\critical_w3_h64_l1_w30\metrics.csv,259.0,6.437680381876466,19.03801467384152,13.929827221572168,7.131325214982409,6.445152007944717,10.183510054975065,0.4015444015444015,5.286871438781267,0.03378409674971131,0.03935843976703151,-0.10232879571136233,-0.12379116075662795,-0.29161160125471536,-0.13353139226875338,-0.35443421670296166,0.03657126825837141,-0.20770138100567165,-0.17315580009860992,-0.11476197094863672,0.8915783401979219,Critical w3
FD002,test,gru_safety_mse,safety_w1p5_h64_l1_w30,44,30,130,64,1,0.2,0.001,none,safety_mse,50.0,1.5,1.5,18.74355435522489,14.336760864294634,1570.470964762502,6.455510014184033,10.212057794652782,0.3436293436293436,4.756627169355002,D:\Beihang\Cmaps_RULE\reports\tables\deep_ablations\fd002\seed_44\safety_w1p5_h64_l1_w30\metrics.csv,259.0,6.063594458542479,19.03801467384152,13.929827221572168,7.131325214982409,6.445152007944717,10.183510054975065,0.4015444015444015,5.286871438781267,-0.015587827000495495,0.02879454412159144,-0.16219431257045308,0.001605810375580468,0.00279940804087413,-0.1557545289895051,-0.10568782124187866,0.006603358560547973,0.002202609208227299,-0.14645774384307247,-0.04588392535809907,0.9551528247785194,Safety w1.5
FD002,test,gru_safety_mse,safety_w2_h64_l1_w30,44,30,130,64,1,0.2,0.001,none,safety_mse,50.0,2.0,2.0,21.709020594905645,16.339152117723664,1899.54945927916,5.636460757616138,8.29369565549766,0.2741312741312741,2.36330424128352,D:\Beihang\Cmaps_RULE\reports\tables\deep_ablations\fd002\seed_44\safety_w2_h64_l1_w30\metrics.csv,259.0,7.334167796444633,19.03801467384152,13.929827221572168,7.131325214982409,6.445152007944717,10.183510054975065,0.4015444015444015,5.286871438781267,0.1312901171855034,0.1595318137128936,0.02804686682753276,-0.1340718782090054,-0.20527408417148552,-0.38171102094255466,-0.8051659181986935,0.14541096544919851,-0.16967298119024546,-0.28269580137154565,-0.10231927237086419,0.9027412853031468,Safety w2
FD002,test,gru_safety_mse,safety_w3_h64_l1_w30,44,30,130,64,1,0.2,0.001,none,safety_mse,50.0,3.0,3.0,23.37833435895425,17.69697322118236,2474.495516111014,6.570601285559661,9.270602535412928,0.2393822393822393,1.8334698069509847,D:\Beihang\Cmaps_RULE\reports\tables\deep_ablations\fd002\seed_44\safety_w3_h64_l1_w30\metrics.csv,259.0,9.554036741741365,19.03801467384152,13.929827221572168,7.131325214982409,6.445152007944717,10.183510054975065,0.4015444015444015,5.286871438781267,0.20537195876961364,0.23936123610674537,0.29246667880739247,0.019277126658471196,-0.0939213749047378,-0.5172565124092467,-1.0590164191686149,0.2223665974381795,-0.0373221241231333,-0.24783489349076918,-0.02093014005857432,0.9792873751385187,Safety w3
FD003,test,gru_asymmetric_mse,asymmetric_w2_h64_l1_w30,42,30,130,64,1,0.2,0.001,none,asymmetric_mse,50.0,2.0,2.0,13.629555921534289,10.1011048412323,254.2299813022403,3.882796550676012,5.017532256891917,0.35,3.332430210113525,D:\Beihang\Cmaps_RULE\reports\tables\deep_ablations\fd003\seed_42\asymmetric_w2_h64_l1_w30\metrics.csv,100.0,2.542299813022403,13.339469135642856,9.663192110061646,3.24163879685338,4.960016073017393,5.145248880437985,0.53,5.626223993301392,0.021513419451157804,0.04432076826580582,-0.24300989377653567,-0.2448533267077555,-0.025135510829084454,-0.41494385109235765,-0.5237366924561481,0.03291709385848181,-0.13499441876841997,-0.3561750827753942,-0.15275080256177745,0.8583435921865998,Asymmetric w2
FD003,test,gru_asymmetric_mse,asymmetric_w3_h64_l1_w30,42,30,130,64,1,0.2,0.001,none,asymmetric_mse,50.0,2.0,3.0,16.426009005127018,11.904488580226898,619.4182012169834,5.510666643056771,7.18595748379207,0.35,3.9208982753753663,D:\Beihang\Cmaps_RULE\reports\tables\deep_ablations\fd003\seed_42\asymmetric_w3_h64_l1_w30\metrics.csv,100.0,6.1941820121698346,13.339469135642856,9.663192110061646,3.24163879685338,4.960016073017393,5.145248880437985,0.53,5.626223993301392,0.20813874876142172,0.2085914807795641,0.6475314627834087,0.10527662241754532,0.33405503070634585,-0.41494385109235765,-0.3611177437185686,0.2083651147704929,0.21966582656194558,0.1297503326889728,0.18592709134047042,1.2043344507661975,Asymmetric w3
FD003,test,gru,baseline_lr1e-3_h64_l1_w30,42,30,130,64,1,0.2,0.001,none,mse,50.0,2.0,2.0,13.339469135642856,9.663192110061646,286.95074361130355,3.663505747203534,4.483343811825405,0.5,5.0214688205719,D:\Beihang\Cmaps_RULE\reports\tables\deep_ablations\fd003\seed_42\baseline_lr1e-3_h64_l1_w30\metrics.csv,100.0,2.8695074361130355,13.339469135642856,9.663192110061646,3.24163879685338,4.960016073017393,5.145248880437985,0.53,5.626223993301392,0.0,0.0,-0.1219386133931857,-0.30298843779728846,-0.13770458676320685,-0.05826890801076834,-0.1137160385611674,0.0,-0.22034651228024765,-0.10396554333957678,-0.10810401853994146,0.8975342313743756,Baseline GRU
FD003,test,gru_critical_mse,critical_w2_h64_l1_w30,42,30,130,64,1,0.2,0.001,none,critical_mse,50.0,2.0,2.0,12.138277638924992,8.986229391098023,226.07842662451853,3.8529938263218666,4.145624201601033,0.36,4.2385591125488284,D:\Beihang\Cmaps_RULE\reports\tables\deep_ablations\fd003\seed_42\critical_w2_h64_l1_w30\metrics.csv,100.0,2.260784266245185,13.339469135642856,9.663192110061646,3.24163879685338,4.960016073017393,5.145248880437985,0.53,5.626223993301392,-0.09436334407535989,-0.07263070187593225,-0.3603672297449051,-0.2525585178628359,-0.21602037262282936,-0.38677297420502643,-0.2832151436283686,-0.08349702297564607,-0.23428944524283263,-0.34768064433080126,-0.22182237084975998,0.8010576428862751,Critical w2
FD003,test,gru_critical_mse,critical_w3_h64_l1_w30,42,30,130,64,1,0.2,0.001,none,critical_mse,50.0,3.0,2.0,12.482221117640313,9.189215517044069,235.6649184795449,4.72646385442029,4.552441648069693,0.4,3.893301887512207,D:\Beihang\Cmaps_RULE\reports\tables\deep_ablations\fd003\seed_42\critical_w3_h64_l1_w30\metrics.csv,100.0,2.356649184795449,13.339469135642856,9.663192110061646,3.24163879685338,4.960016073017393,5.145248880437985,0.53,5.626223993301392,-0.06642192348551422,-0.05029346975796154,-0.3188382301490532,-0.048231657825647194,-0.12241002637370003,-0.2814124588249778,-0.36818091128758534,-0.058357696621737884,-0.08532084209967361,-0.3218174576026674,-0.1551653321080263,0.8562735962612579,Critical w3
FD003,test,gru_safety_mse,safety_w1p5_h64_l1_w30,42,30,130,64,1,0.2,0.001,none,safety_mse,50.0,1.5,1.5,13.106368216053191,9.131061806678773,337.79747564475554,3.0007945378836856,3.635525255903092,0.41,3.963870658874512,D:\Beihang\Cmaps_RULE\reports\tables\deep_ablations\fd003\seed_42\safety_w1p5_h64_l1_w30\metrics.csv,100.0,3.3779747564475553,13.339469135642856,9.663192110061646,3.24163879685338,4.960016073017393,5.145248880437985,0.53,5.626223993301392,-0.017629009314722142,-0.05664205331405527,0.041197341989008936,-0.5025318815638151,-0.3473201411912135,-0.25671984629558203,-0.3502175361603362,-0.03713553131438871,-0.4249260113775143,-0.1311356746194751,-0.19773240577045934,0.8205894087512173,Safety w1.5
FD003,test,gru_safety_mse,safety_w2_h64_l1_w30,42,30,130,64,1,0.2,0.001,none,safety_mse,50.0,2.0,2.0,13.511781462360016,10.10942481994629,281.36524137004204,3.374734963930796,5.4020145761715606,0.47,4.458533010482788,D:\Beihang\Cmaps_RULE\reports\tables\deep_ablations\fd003\seed_42\safety_w2_h64_l1_w30\metrics.csv,100.0,2.8136524137004204,13.339469135642856,9.663192110061646,3.24163879685338,4.960016073017393,5.145248880437985,0.53,5.626223993301392,0.012834761010629955,0.0451440994028556,-0.14159557268020562,-0.3850921891293547,0.048698212270172805,-0.12014431160119611,-0.23261873267283958,0.02898943020674278,-0.16819698842959097,-0.15898854740861174,-0.0993987018771533,0.9053816586859487,Safety w2
FD003,test,gru_safety_mse,safety_w3_h64_l1_w30,42,30,130,64,1,0.2,0.001,none,safety_mse,50.0,3.0,3.0,13.472251799694616,9.944947371482847,232.08952387135776,3.3972405505555368,4.106834630167765,0.32,2.551668376922608,D:\Beihang\Cmaps_RULE\reports\tables\deep_ablations\fd003\seed_42\safety_w3_h64_l1_w30\metrics.csv,100.0,2.3208952387135775,13.339469135642856,9.663192110061646,3.24163879685338,4.960016073017393,5.145248880437985,0.53,5.626223993301392,0.00990490315315696,0.028740580516252247,-0.33412601330334146,-0.3784454818500526,-0.2254211725258297,-0.5045560095141877,-0.7906911123224267,0.019322741834704605,-0.30193332718794114,-0.49087478711082433,-0.25782845748802025,0.7727277764019529,Safety w3
FD003,test,gru_asymmetric_mse,asymmetric_w2_h64_l1_w30,43,30,130,64,1,0.2,0.001,none,asymmetric_mse,50.0,2.0,2.0,13.00518625085321,9.494772381782532,316.5670082389466,3.4820944770831,5.733469906664095,0.49,5.2781800937652585,D:\Beihang\Cmaps_RULE\reports\tables\deep_ablations\fd003\seed_43\asymmetric_w2_h64_l1_w30\metrics.csv,100.0,3.165670082389466,13.339469135642856,9.663192110061646,3.24163879685338,4.960016073017393,5.145248880437985,0.53,5.626223993301392,-0.025379024485880204,-0.01758266826595905,-0.023714253838169518,-0.3537750072023868,0.10824717439839303,-0.07847161528747133,-0.06385716412520066,-0.021480846375919627,-0.12276391640199688,-0.047439321772252754,-0.06389469485005642,0.9381037814888861,Asymmetric w2
FD003,test,gru_asymmetric_mse,asymmetric_w3_h64_l1_w30,43,30,130,64,1,0.2,0.001,none,asymmetric_mse,50.0,2.0,3.0,16.272190704073925,11.823243606090546,374.19535995030594,5.0598819511669175,6.452211502597935,0.35,2.6498423051834106,D:\Beihang\Cmaps_RULE\reports\tables\deep_ablations\fd003\seed_43\asymmetric_w3_h64_l1_w30\metrics.csv,100.0,3.7419535995030593,13.339469135642856,9.663192110061646,3.24163879685338,4.960016073017393,5.145248880437985,0.53,5.626223993301392,0.19873031422625476,0.20174335125731602,0.14352882438702624,0.019934171955055546,0.22634919924309932,-0.41494385109235765,-0.752938392279259,0.2002368327417854,0.12314168559907743,-0.22020614864939103,0.034390789897157256,1.0349889909496695,Asymmetric w3
FD003,test,gru,baseline_lr1e-3_h64_l1_w30,43,30,130,64,1,0.2,0.001,none,mse,50.0,2.0,2.0,17.339059102855522,12.632953174114228,1129.2838279067037,8.661710629299408,10.802294509585993,0.6,8.480963020324706,D:\Beihang\Cmaps_RULE\reports\tables\deep_ablations\fd003\seed_43\baseline_lr1e-3_h64_l1_w30\metrics.csv,100.0,11.292838279067036,13.339469135642856,9.663192110061646,3.24163879685338,4.960016073017393,5.145248880437985,0.53,5.626223993301392,0.2622344634388716,0.26798469136914177,1.2480897405332574,0.5575032539736338,0.7416848246753726,0.12405264844985295,0.4103854837852159,0.26510957740400665,0.6495940393245032,0.7576544033253958,0.5574526733513019,1.746218640708939,Baseline GRU
FD003,test,gru_critical_mse,critical_w2_h64_l1_w30,43,30,130,64,1,0.2,0.001,none,critical_mse,50.0,2.0,2.0,13.85406219550019,9.880769424438476,404.4419959280264,4.176069590622457,4.943672967946764,0.54,6.652292127609253,D:\Beihang\Cmaps_RULE\reports\tables\deep_ablations\fd003\seed_43\critical_w2_h64_l1_w30\metrics.csv,100.0,4.0444199592802645,13.339469135642856,9.663192110061646,3.24163879685338,4.960016073017393,5.145248880437985,0.53,5.626223993301392,0.037851244174503286,0.022266345877433702,0.22125913977507297,-0.17203846635886427,-0.039965170663506196,0.018692132977212055,0.16752295286661584,0.030058795025968494,-0.10600181851118523,0.15718334134849346,0.027080105954425573,1.027450104338255,Critical w2
FD003,test,gru_critical_mse,critical_w3_h64_l1_w30,43,30,130,64,1,0.2,0.001,none,critical_mse,50.0,3.0,2.0,12.52640746249823,9.310429854393004,259.93374052921126,3.7448859802819614,5.339903848426559,0.45,4.650117988586426,D:\Beihang\Cmaps_RULE\reports\tables\deep_ablations\fd003\seed_43\critical_w3_h64_l1_w30\metrics.csv,100.0,2.5993374052921125,13.339469135642856,9.663192110061646,3.24163879685338,4.960016073017393,5.145248880437985,0.53,5.626223993301392,-0.06288823184846414,-0.03718877833226864,-0.2208224349207696,-0.2810178105407825,0.03713390551124572,-0.16362942344637227,-0.1905459300242167,-0.05003850509036639,-0.12194195251476839,-0.19895505582803205,-0.12364517114438894,0.8836933451576534,Critical w3
FD003,test,gru_safety_mse,safety_w1p5_h64_l1_w30,43,30,130,64,1,0.2,0.001,none,safety_mse,50.0,1.5,1.5,16.33312490984663,11.416861791610716,811.191758013254,3.687010536338646,6.904010106501034,0.52,5.469662160873413,D:\Beihang\Cmaps_RULE\reports\tables\deep_ablations\fd003\seed_43\safety_w1p5_h64_l1_w30\metrics.csv,100.0,8.11191758013254,13.339469135642856,9.663192110061646,3.24163879685338,4.960016073017393,5.145248880437985,0.53,5.626223993301392,0.20246800395940712,0.1667673272988831,0.9172552829441948,-0.2965930042420914,0.2940286762131888,-0.019048194934410005,-0.028221670877181016,0.1846176656291451,-0.0012821640144513036,0.4468101750191997,0.21004855887796448,1.2337379674336122,Safety w1.5
FD003,test,gru_safety_mse,safety_w2_h64_l1_w30,43,30,130,64,1,0.2,0.001,none,safety_mse,50.0,2.0,2.0,15.46785491851703,11.047278366088868,466.3246488015973,3.961194835408336,5.735749182377724,0.5,4.925222301483155,D:\Beihang\Cmaps_RULE\reports\tables\deep_ablations\fd003\seed_43\safety_w2_h64_l1_w30\metrics.csv,100.0,4.6632464880159725,13.339469135642856,9.663192110061646,3.24163879685338,4.960016073017393,5.145248880437985,0.53,5.626223993301392,0.14803674946470927,0.13386005608686632,0.3636328733010766,-0.22486327533901304,0.10864463402062915,-0.05826890801076834,-0.13306911224075763,0.1409484027757878,-0.05810932065919194,0.1339819315876568,0.07227367123475088,1.0749494865660902,Safety w2
FD003,test,gru_safety_mse,safety_w3_h64_l1_w30,43,30,130,64,1,0.2,0.001,none,safety_mse,50.0,3.0,3.0,15.091227495958112,10.920850791931151,398.3492583850073,4.493701214531798,4.753910276145711,0.39,3.818110284805298,D:\Beihang\Cmaps_RULE\reports\tables\deep_ablations\fd003\seed_43\safety_w3_h64_l1_w30\metrics.csv,100.0,3.983492583850073,13.339469135642856,9.663192110061646,3.24163879685338,4.960016073017393,5.145248880437985,0.53,5.626223993301392,0.12338636969032447,0.12234983880364914,0.2060799646343014,-0.09873229510341558,-0.0791062459422814,-0.30673026674516524,-0.38768291276671163,0.1228681042469868,-0.08891927052284848,-0.07056331256081852,-0.012204826278893403,0.9878693505349739,Safety w3
FD003,test,gru_asymmetric_mse,asymmetric_w2_h64_l1_w30,44,30,130,64,1,0.2,0.001,none,asymmetric_mse,50.0,2.0,2.0,12.734465088650603,9.778226337432862,235.2822568780808,3.875463287447592,4.5843105635591455,0.5,4.850334854125976,D:\Beihang\Cmaps_RULE\reports\tables\deep_ablations\fd003\seed_44\asymmetric_w2_h64_l1_w30\metrics.csv,100.0,2.352822568780808,13.339469135642856,9.663192110061646,3.24163879685338,4.960016073017393,5.145248880437985,0.53,5.626223993301392,-0.04641514046040633,0.011834071692527393,-0.32046330279217505,-0.24674376749305668,-0.11543401477017974,-0.05826890801076834,-0.14839077854607408,-0.01729053438393947,-0.18108889113161822,-0.21189657303529813,-0.1367586661836186,0.8721806874292454,Asymmetric w2
FD003,test,gru_asymmetric_mse,asymmetric_w3_h64_l1_w30,44,30,130,64,1,0.2,0.001,none,asymmetric_mse,50.0,2.0,3.0,12.950053452900494,9.782889490127564,232.7940823859638,4.214499297582709,4.37748512584107,0.42,3.668427019119264,D:\Beihang\Cmaps_RULE\reports\tables\deep_ablations\fd003\seed_44\asymmetric_w3_h64_l1_w30\metrics.csv,100.0,2.327940823859638,13.339469135642856,9.663192110061646,3.24163879685338,4.960016073017393,5.145248880437985,0.53,5.626223993301392,-0.029627328989931128,0.012310849482063147,-0.33109489306482026,-0.16287818743505078,-0.1615993540389681,-0.23262229477459356,-0.42767555808915036,-0.00865823975393399,-0.16223877073700943,-0.33062190974834615,-0.16717297341309653,0.8460532539605867,Asymmetric w3
FD003,test,gru,baseline_lr1e-3_h64_l1_w30,44,30,130,64,1,0.2,0.001,none,mse,50.0,2.0,2.0,13.097077982972412,9.502579822540284,324.16387968533803,4.960016073017393,5.145248880437985,0.53,5.626223993301392,D:\Beihang\Cmaps_RULE\reports\tables\deep_ablations\fd003\seed_44\baseline_lr1e-3_h64_l1_w30\metrics.csv,100.0,3.24163879685338,13.339469135642856,9.663192110061646,3.24163879685338,4.960016073017393,5.145248880437985,0.53,5.626223993301392,-0.01833809417316178,-0.01676071780544022,0.0,0.0,0.0,0.0,0.0,-0.017549405989301,0.0,0.0,-0.0058498019964336664,0.9941672747804511,Baseline GRU
FD003,test,gru_critical_mse,critical_w2_h64_l1_w30,44,30,130,64,1,0.2,0.001,none,critical_mse,50.0,2.0,2.0,13.224772878449697,9.86611704826355,304.7875677676398,4.534216306167566,4.465498376728207,0.55,6.064220275878906,D:\Beihang\Cmaps_RULE\reports\tables\deep_ablations\fd003\seed_44\critical_w2_h64_l1_w30\metrics.csv,100.0,3.047875677676398,13.339469135642856,9.663192110061646,3.24163879685338,4.960016073017393,5.145248880437985,0.53,5.626223993301392,-0.008635440820969823,0.02078232672506863,-0.06163415457949472,-0.08975672271301992,-0.1416929147217183,0.037041271611738445,0.07496744961697652,0.006073442952049404,-0.11572481871736912,-0.002814896982568621,-0.03748875758262944,0.963205246415345,Critical w2
FD003,test,gru_critical_mse,critical_w3_h64_l1_w30,44,30,130,64,1,0.2,0.001,none,critical_mse,50.0,3.0,2.0,13.48853912852023,10.016896166801452,288.2541330504871,3.787783444916189,5.098051806268268,0.41,5.202503137588501,D:\Beihang\Cmaps_RULE\reports\tables\deep_ablations\fd003\seed_44\critical_w3_h64_l1_w30\metrics.csv,100.0,2.882541330504871,13.339469135642856,9.663192110061646,3.24163879685338,4.960016073017393,5.145248880437985,0.53,5.626223993301392,0.011113126669234887,0.03594924405881341,-0.11740669190782285,-0.26962797621998,-0.009215273398000294,-0.25671984629558203,-0.07829864083603075,0.023531185364024147,-0.13942162480899015,-0.14245796773681463,-0.0861161357272602,0.9174876719345683,Critical w3
FD003,test,gru_safety_mse,safety_w1p5_h64_l1_w30,44,30,130,64,1,0.2,0.001,none,safety_mse,50.0,1.5,1.5,15.987795379714044,11.863250288963318,835.656502622491,5.462718500534685,7.101659845643384,0.55,7.45795184135437,D:\Beihang\Cmaps_RULE\reports\tables\deep_ablations\fd003\seed_44\safety_w1p5_h64_l1_w30\metrics.csv,100.0,8.35656502622491,13.339469135642856,9.663192110061646,3.24163879685338,4.960016073017393,5.145248880437985,0.53,5.626223993301392,0.18109839762179486,0.2051213709076466,0.9469684570143919,0.09653757844176988,0.32225479636868787,0.037041271611738445,0.28184230114998593,0.19310988426472073,0.20939618740522886,0.553205121697627,0.3185703977891922,1.3751604260301578,Safety w1.5
FD003,test,gru_safety_mse,safety_w2_h64_l1_w30,44,30,130,64,1,0.2,0.001,none,safety_mse,50.0,2.0,2.0,16.530259381037034,11.99167971611023,954.5904744472244,6.623676916839835,7.715334435435738,0.46,5.673108768463135,D:\Beihang\Cmaps_RULE\reports\tables\deep_ablations\fd003\seed_44\safety_w2_h64_l1_w30\metrics.csv,100.0,9.545904744472244,13.339469135642856,9.663192110061646,3.24163879685338,4.960016073017393,5.145248880437985,0.53,5.626223993301392,0.21446535846182518,0.21588901247869924,1.0800332363221326,0.2892416599518456,0.4051360921597164,-0.1416505167759061,0.008298727936745553,0.2151771854702622,0.34718887605578097,0.5066786709512762,0.35634824415910643,1.4281047908299085,Safety w2
FD003,test,gru_safety_mse,safety_w3_h64_l1_w30,44,30,130,64,1,0.2,0.001,none,safety_mse,50.0,3.0,3.0,14.525837439231651,10.863006558418274,275.4730299167763,4.778460815593848,5.420665318154431,0.41,3.353410587310791,D:\Beihang\Cmaps_RULE\reports\tables\deep_ablations\fd003\seed_44\safety_w3_h64_l1_w30\metrics.csv,100.0,2.754730299167763,13.339469135642856,9.663192110061646,3.24163879685338,4.960016073017393,5.145248880437985,0.53,5.626223993301392,0.08520171132810223,0.11703908336387388,-0.16275946059928761,-0.037290491708926496,0.05214481895619884,-0.25671984629558203,-0.5174606094044102,0.10112039734598804,0.007427163623636171,-0.27492484422464186,-0.05545909441833921,0.946050721633997,Safety w3
FD004,test,gru_asymmetric_mse,asymmetric_w2_h64_l1_w30,42,30,130,64,1,0.2,0.001,none,asymmetric_mse,50.0,2.0,2.0,21.23440095877602,15.939182971754382,3533.020283075656,13.276124720602777,15.720805372125923,0.4112903225806452,5.565783581426067,D:\Beihang\Cmaps_RULE\reports\tables\deep_ablations\fd004\seed_42\asymmetric_w2_h64_l1_w30\metrics.csv,248.0,14.246049528530872,21.12196155225765,15.60378393050163,15.126486438547264,14.424871992191836,17.439241413394452,0.5362903225806451,8.295356146750912,0.00530922222616839,0.02126697107972531,-0.059967633800302525,-0.08298665006905438,-0.10373790257789296,-0.26537631437077164,-0.3990580776701482,0.013288096652946849,-0.09336227632347367,-0.19609241491038124,-0.09205553152696935,0.9120545003597059,Asymmetric w2
FD004,test,gru_asymmetric_mse,asymmetric_w3_h64_l1_w30,42,30,130,64,1,0.2,0.001,none,asymmetric_mse,50.0,2.0,3.0,22.257151905071648,16.93285578969986,2477.730456813496,10.210443068477987,13.952702226122618,0.3387096774193548,5.097028936109235,D:\Beihang\Cmaps_RULE\reports\tables\deep_ablations\fd004\seed_42\asymmetric_w3_h64_l1_w30\metrics.csv,248.0,9.99084861618345,21.12196155225765,15.60378393050163,15.126486438547264,14.424871992191836,17.439241413394452,0.5362903225806451,8.295356146750912,0.05235005984416501,0.08174241962775543,-0.41477774036518955,-0.3455429115249016,-0.2230497231079059,-0.45953232829072077,-0.4870380493285404,0.06704623973596022,-0.28429631731640376,-0.44403146458741005,-0.22042718072261785,0.8021760506151924,Asymmetric w3
FD004,test,gru,baseline_lr1e-3_h64_l1_w30,42,30,130,64,1,0.2,0.001,none,mse,50.0,2.0,2.0,20.269352486364205,15.063529548145109,3580.69385153201,12.71251070965226,17.439241413394452,0.4959677419354839,7.380919502627465,D:\Beihang\Cmaps_RULE\reports\tables\deep_ablations\fd004\seed_42\baseline_lr1e-3_h64_l1_w30\metrics.csv,248.0,14.438281659403266,21.12196155225765,15.60378393050163,15.126486438547264,14.424871992191836,17.439241413394452,0.5362903225806451,8.295356146750912,-0.04120331552894628,-0.03523688382882476,-0.04656414828614301,-0.12636733449577608,0.0,-0.07816477269773757,-0.11679763311423813,-0.038220099678885525,-0.06318366724788804,-0.07202267559606543,-0.05780881417427966,0.9438303771784452,Baseline GRU
FD004,test,gru_critical_mse,critical_w2_h64_l1_w30,42,30,130,64,1,0.2,0.001,none,critical_mse,50.0,2.0,2.0,21.36131456978632,15.771101372857247,3218.2687363657305,9.64016720108566,14.940326410953272,0.4959677419354839,7.200292664189493,D:\Beihang\Cmaps_RULE\reports\tables\deep_ablations\fd004\seed_42\critical_w2_h64_l1_w30\metrics.csv,248.0,12.97689006599085,21.12196155225765,15.60378393050163,15.126486438547264,14.424871992191836,17.439241413394452,0.5362903225806451,8.295356146750912,0.01126822467440659,0.010665793795372773,-0.15327718773682025,-0.403015485312551,-0.15465889299811836,-0.07816477269773757,-0.1415741848140051,0.01096700923488968,-0.2788371891553347,-0.1315733332463458,-0.13314783772226357,0.8753356749102401,Critical w2
FD004,test,gru_critical_mse,critical_w3_h64_l1_w30,42,30,130,64,1,0.2,0.001,none,critical_mse,50.0,3.0,2.0,21.501039175203363,15.46584268443046,3921.179350949863,9.16709458360242,14.971126410059773,0.4475806451612903,6.213020995739968,D:\Beihang\Cmaps_RULE\reports\tables\deep_ablations\fd004\seed_42\critical_w3_h64_l1_w30\metrics.csv,248.0,15.811207060281706,21.12196155225765,15.60378393050163,15.126486438547264,14.424871992191836,17.439241413394452,0.5362903225806451,8.295356146750912,0.017787936642480528,-0.008879550058220885,0.04427172018628246,-0.45333354152780914,-0.15259948049318653,-0.1808189265398469,-0.2890486073921024,0.004454193292129822,-0.3029665110104978,-0.0953310233898461,-0.13128111370273804,0.8769712111121587,Critical w3
FD004,test,gru_safety_mse,safety_w1p5_h64_l1_w30,42,30,130,64,1,0.2,0.001,none,safety_mse,50.0,1.5,1.5,21.165810339979394,15.52971241743334,3504.089538605493,11.984418219814982,15.55518285766628,0.4637096774193548,6.298113011544751,D:\Beihang\Cmaps_RULE\reports\tables\deep_ablations\fd004\seed_42\safety_w1p5_h64_l1_w30\metrics.csv,248.0,14.129393300828601,21.12196155225765,15.60378393050163,15.126486438547264,14.424871992191836,17.439241413394452,0.5362903225806451,8.295356146750912,0.0020738289804766268,-0.004758325373686768,-0.06819001719231033,-0.1853466139677482,-0.11432903475344247,-0.14541699956664345,-0.2754457912393199,-0.0013422481966050706,-0.14983782436059534,-0.139310706297646,-0.09683025961828212,0.9077100681110837,Safety w1.5
FD004,test,gru_safety_mse,safety_w2_h64_l1_w30,42,30,130,64,1,0.2,0.001,none,safety_mse,50.0,2.0,2.0,21.8351153715896,16.19368771920281,2819.2971955522808,8.961808309681855,15.151331750583184,0.4112903225806452,5.801811322089164,D:\Beihang\Cmaps_RULE\reports\tables\deep_ablations\fd004\seed_42\safety_w2_h64_l1_w30\metrics.csv,248.0,11.36813385303339,21.12196155225765,15.60378393050163,15.126486438547264,14.424871992191836,17.439241413394452,0.5362903225806451,8.295356146750912,0.03320613966096544,0.03710807485091492,-0.28563311072394004,-0.47598191138684015,-0.14063448816682184,-0.26537631437077164,-0.35752569207076634,0.03515710725594018,-0.308308199776831,-0.29854205697235453,-0.1905643831644151,0.8264925438106984,Safety w2
FD004,test,gru_safety_mse,safety_w3_h64_l1_w30,42,30,130,64,1,0.2,0.001,none,safety_mse,50.0,3.0,3.0,24.642216686331327,17.71607340728083,4747.207649224257,10.679589826397793,12.90084647334996,0.3588709677419355,4.055547375832835,D:\Beihang\Cmaps_RULE\reports\tables\deep_ablations\fd004\seed_42\safety_w3_h64_l1_w30\metrics.csv,248.0,19.141966327517164,21.12196155225765,15.60378393050163,15.126486438547264,14.424871992191836,17.439241413394452,0.5362903225806451,8.295356146750912,0.15414776647877196,0.1269588851129419,0.235435838652448,-0.3006195112791162,-0.3014299932722524,-0.40171275756775854,-0.7156101913740575,0.14055332579585694,-0.30102475227568426,-0.16161281790923,-0.10736141479635244,0.8982009911931212,Safety w3
FD004,test,gru_asymmetric_mse,asymmetric_w2_h64_l1_w30,43,30,130,64,1,0.2,0.001,none,asymmetric_mse,50.0,2.0,2.0,21.071146098725983,15.41971135235602,2985.903627197767,11.785976886760606,13.27595119169992,0.4516129032258064,5.318229875256939,D:\Beihang\Cmaps_RULE\reports\tables\deep_ablations\fd004\seed_43\asymmetric_w2_h64_l1_w30\metrics.csv,248.0,12.039933980636157,21.12196155225765,15.60378393050163,15.126486438547264,14.424871992191836,17.439241413394452,0.5362903225806451,8.295356146750912,-0.0024087099020234258,-0.01186679557251124,-0.22821831947006715,-0.20204351297644021,-0.27276870315863044,-0.1718502565770351,-0.44455533999315,-0.007137752737267333,-0.23740610806753532,-0.26821055887757983,-0.17091813989412746,0.8428905697588391,Asymmetric w2
FD004,test,gru_asymmetric_mse,asymmetric_w3_h64_l1_w30,43,30,130,64,1,0.2,0.001,none,asymmetric_mse,50.0,2.0,3.0,22.633179661845865,16.802946144534694,4721.289016999312,11.023773069063791,12.909895523043447,0.3467741935483871,3.7752098171941695,D:\Beihang\Cmaps_RULE\reports\tables\deep_ablations\fd004\seed_43\asymmetric_w3_h64_l1_w30\metrics.csv,248.0,19.0374557137069,21.12196155225765,15.60378393050163,15.126486438547264,14.424871992191836,17.439241413394452,0.5362903225806451,8.295356146750912,0.06910362520850973,0.07404079228578081,0.22996111592198767,-0.2688998094211532,-0.3007288084659571,-0.4360018309491865,-0.787239895817884,0.07157220874714526,-0.2848143089435552,-0.19082987373077379,-0.13469065797572788,0.8739862305451304,Asymmetric w3
FD004,test,gru,baseline_lr1e-3_h64_l1_w30,43,30,130,64,1,0.2,0.001,none,mse,50.0,2.0,2.0,21.12196155225765,15.60378393050163,11700.078028079595,17.239255120312812,20.185205551157395,0.5564516129032258,9.016445067621046,D:\Beihang\Cmaps_RULE\reports\tables\deep_ablations\fd004\seed_43\baseline_lr1e-3_h64_l1_w30\metrics.csv,248.0,47.17773398419192,21.12196155225765,15.60378393050163,15.126486438547264,14.424871992191836,17.439241413394452,0.5362903225806451,8.295356146750912,0.0,0.0,1.1374747676035575,0.17823511948246806,0.14622701701060392,0.03690455686789069,0.08335428187643457,0.0,0.162231068246536,0.5988020934878601,0.25367772057813204,1.2887563976661316,Baseline GRU
FD004,test,gru_critical_mse,critical_w2_h64_l1_w30,43,30,130,64,1,0.2,0.001,none,critical_mse,50.0,2.0,2.0,20.54727090537265,15.238810127781283,5550.406397813682,15.362987682857783,18.577579655055,0.5685483870967742,9.043304074195124,D:\Beihang\Cmaps_RULE\reports\tables\deep_ablations\fd004\seed_43\critical_w2_h64_l1_w30\metrics.csv,248.0,22.380670958926135,21.12196155225765,15.60378393050163,15.126486438547264,14.424871992191836,17.439241413394452,0.5362903225806451,8.295356146750912,-0.027585201586405133,-0.023667972883122834,0.39175040668776817,0.06300728107331907,0.06323253815695122,0.058410762050618355,0.0863287447178562,-0.025626587234763985,0.06311990961513514,0.23206008003600273,0.0898511341387913,1.094011410631575,Critical w2
FD004,test,gru_critical_mse,critical_w3_h64_l1_w30,43,30,130,64,1,0.2,0.001,none,critical_mse,50.0,3.0,2.0,22.260779199801085,16.068866076007968,6627.594124529342,15.0308387222179,18.107440739069187,0.532258064516129,8.359966554949361,D:\Beihang\Cmaps_RULE\reports\tables\deep_ablations\fd004\seed_43\critical_w3_h64_l1_w30\metrics.csv,248.0,26.724169856973152,21.12196155225765,15.60378393050163,15.126486438547264,14.424871992191836,17.439241413394452,0.5362903225806451,8.295356146750912,0.05251301866310725,0.02937017122503446,0.5691211179687081,0.041150067083298277,0.03760002375497745,-0.007547205621256635,0.007758568651187487,0.040941594944070854,0.03937504541913786,0.28461339974183675,0.12164334670168182,1.1293512430983395,Critical w3
FD004,test,gru_safety_mse,safety_w1p5_h64_l1_w30,43,30,130,64,1,0.2,0.001,none,safety_mse,50.0,1.5,1.5,21.544520162119685,15.955946687729128,4456.564204964808,13.277625561832137,16.416867303698876,0.4274193548387097,6.212352395057678,D:\Beihang\Cmaps_RULE\reports\tables\deep_ablations\fd004\seed_43\safety_w1p5_h64_l1_w30\metrics.csv,248.0,17.970016955503258,21.12196155225765,15.60378393050163,15.126486438547264,14.424871992191836,17.439241413394452,0.5362903225806451,8.295356146750912,0.019808168339875448,0.022318148340723352,0.17225736831275087,-0.0828736083167684,-0.06041362017243682,-0.22691003363472545,-0.2891562259982882,0.021063158340299398,-0.07164361424460261,-0.04288788075187798,-0.03115611221872706,0.9693242379062533,Safety w1.5
FD004,test,gru_safety_mse,safety_w2_h64_l1_w30,43,30,130,64,1,0.2,0.001,none,safety_mse,50.0,2.0,2.0,19.98355800250204,15.450113811800556,2602.738010957988,13.828495778745296,16.412542245077532,0.4798387096774194,7.145453733782614,D:\Beihang\Cmaps_RULE\reports\tables\deep_ablations\fd004\seed_43\safety_w2_h64_l1_w30\metrics.csv,248.0,10.494911334508016,21.12196155225765,15.60378393050163,15.126486438547264,14.424871992191836,17.439241413394452,0.5362903225806451,8.295356146750912,-0.05540349548028512,-0.009897074713354005,-0.3655567711063014,-0.04222256365999339,-0.06067710700972995,-0.11122563489085224,-0.14921954476892552,-0.03265028509681956,-0.051449835334861665,-0.24788968046809515,-0.11066326696659212,0.8952401551125333,Safety w2
FD004,test,gru_safety_mse,safety_w3_h64_l1_w30,43,30,130,64,1,0.2,0.001,none,safety_mse,50.0,3.0,3.0,23.04245094811146,16.88357678920992,4046.722040086434,9.646776912351616,13.09609539459112,0.3427419354838709,4.352769588270495,D:\Beihang\Cmaps_RULE\reports\tables\deep_ablations\fd004\seed_43\safety_w3_h64_l1_w30\metrics.csv,248.0,16.317427580993684,21.12196155225765,15.60378393050163,15.126486438547264,14.424871992191836,17.439241413394452,0.5362903225806451,8.295356146750912,0.08702487706958364,0.07882791732153598,0.07578643737680155,-0.4023300774547633,-0.2864087962810462,-0.4476978706784519,-0.6448835282629801,0.0829263971955598,-0.3443694368679048,-0.23525213104695725,-0.16556505690643405,0.8474147312307038,Safety w3
FD004,test,gru_asymmetric_mse,asymmetric_w2_h64_l1_w30,44,30,130,64,1,0.2,0.001,none,asymmetric_mse,50.0,2.0,2.0,23.080881826073707,17.186060327676035,3279.2537149615937,12.809990036995249,15.68814983835552,0.3991935483870967,5.6072673297697495,D:\Beihang\Cmaps_RULE\reports\tables\deep_ablations\fd004\seed_44\asymmetric_w2_h64_l1_w30\metrics.csv,248.0,13.222797237748361,21.12196155225765,15.60378393050163,15.126486438547264,14.424871992191836,17.439241413394452,0.5362903225806451,8.295356146750912,0.08869131722222204,0.09658516466900355,-0.13450487260835778,-0.11872860016500701,-0.10581728059705066,-0.2952292774467751,-0.3916323639080153,0.0926382409456128,-0.11227294038102884,-0.23896784664287646,-0.08620084869276416,0.9174099521250496,Asymmetric w2
FD004,test,gru_asymmetric_mse,asymmetric_w3_h64_l1_w30,44,30,130,64,1,0.2,0.001,none,asymmetric_mse,50.0,2.0,3.0,22.40911807514498,16.768769557918272,3347.4602538889285,13.725947575000392,16.041649089977046,0.3991935483870967,5.3783079424212055,D:\Beihang\Cmaps_RULE\reports\tables\deep_ablations\fd004\seed_44\asymmetric_w3_h64_l1_w30\metrics.csv,248.0,13.49782360439084,21.12196155225765,15.60378393050163,15.126486438547264,14.424871992191836,17.439241413394452,0.5362903225806451,8.295356146750912,0.05915460190654124,0.07200475702778522,-0.11391881805044841,-0.04966591324110299,-0.08353451234193121,-0.2952292774467751,-0.43332204190519025,0.06557967946716323,-0.0666002127915171,-0.23909723886321554,-0.08003925739585646,0.923080107954122,Asymmetric w3
FD004,test,gru,baseline_lr1e-3_h64_l1_w30,44,30,130,64,1,0.2,0.001,none,mse,50.0,2.0,2.0,22.12473700121,16.364981366742043,3751.3686367597215,14.424871992191836,17.41530787005114,0.5362903225806451,8.295356146750912,D:\Beihang\Cmaps_RULE\reports\tables\deep_ablations\fd004\seed_44\baseline_lr1e-3_h64_l1_w30\metrics.csv,248.0,15.126486438547264,21.12196155225765,15.60378393050163,15.126486438547264,14.424871992191836,17.439241413394452,0.5362903225806451,8.295356146750912,0.046382972817582836,0.04763032485510451,0.0,0.0,-0.001373338493576608,0.0,0.0,0.04700664883634367,-0.000686669246788304,0.0,0.015439993196518453,1.0155598057321655,Baseline GRU
FD004,test,gru_critical_mse,critical_w2_h64_l1_w30,44,30,130,64,1,0.2,0.001,none,critical_mse,50.0,2.0,2.0,22.58358003981618,16.25250112866202,7157.221487348517,16.395115684136357,19.92086279303869,0.4959677419354839,7.961747650177248,D:\Beihang\Cmaps_RULE\reports\tables\deep_ablations\fd004\seed_44\critical_w2_h64_l1_w30\metrics.csv,248.0,28.859764061889184,21.12196155225765,15.60378393050163,15.126486438547264,14.424871992191836,17.439241413394452,0.5362903225806451,8.295356146750912,0.0669097642486163,0.04073336804917016,0.6460011020003443,0.1280295279954191,0.13304464351845813,-0.07816477269773757,-0.04104732802709604,0.05382156614889323,0.13053708575693862,0.2931975258189638,0.1591853925749319,1.1725553095794543,Critical w2
FD004,test,gru_critical_mse,critical_w3_h64_l1_w30,44,30,130,64,1,0.2,0.001,none,critical_mse,50.0,3.0,2.0,22.183147372715187,15.73961171988518,3718.2625716760513,8.952171293884593,12.88865062914143,0.4233870967741935,6.405532783077609,D:\Beihang\Cmaps_RULE\reports\tables\deep_ablations\fd004\seed_44\critical_w3_h64_l1_w30\metrics.csv,248.0,14.992994240629239,21.12196155225765,15.60378393050163,15.126486438547264,14.424871992191836,17.439241413394452,0.5362903225806451,8.295356146750912,0.04901954218506766,0.008667129826079492,-0.00886423464082277,-0.4770578327554146,-0.3023757926469554,-0.23638877756698717,-0.2585337435378932,0.028843336005573577,-0.38971681270118497,-0.1281627475966315,-0.16301207476408097,0.8495809298633598,Critical w3
FD004,test,gru_safety_mse,safety_w1p5_h64_l1_w30,44,30,130,64,1,0.2,0.001,none,safety_mse,50.0,1.5,1.5,22.3175961345446,16.716773579197547,4446.852863116852,16.38024063848978,18.30121055366103,0.4959677419354839,7.084560313532429,D:\Beihang\Cmaps_RULE\reports\tables\deep_ablations\fd004\seed_44\safety_w1p5_h64_l1_w30\metrics.csv,248.0,17.930858319019563,21.12196155225765,15.60378393050163,15.126486438547264,14.424871992191836,17.439241413394452,0.5362903225806451,8.295356146750912,0.05506210059264539,0.06889917679007715,0.17007588099739313,0.12712183097326882,0.048244287533685884,-0.07816477269773757,-0.15777804537641543,0.061980638691361264,0.08768305925347736,0.02605223598015831,0.058571977974998975,1.0603213027282103,Safety w1.5
FD004,test,gru_safety_mse,safety_w2_h64_l1_w30,44,30,130,64,1,0.2,0.001,none,safety_mse,50.0,2.0,2.0,22.44595340022154,16.504022580962026,2848.951607095376,10.485297546679975,12.914997420676112,0.407258064516129,4.884344785444198,D:\Beihang\Cmaps_RULE\reports\tables\deep_ablations\fd004\seed_44\safety_w2_h64_l1_w30\metrics.csv,248.0,11.487708093126516,21.12196155225765,15.60378393050163,15.126486438547264,14.424871992191836,17.439241413394452,0.5362903225806451,8.295356146750912,0.06079701745259639,0.05609069948578787,-0.2751696737336939,-0.31897989603318455,-0.30033369374391244,-0.27522861078971034,-0.529660709101108,0.05844385846919213,-0.30965679488854847,-0.3388071668395515,-0.19667336775296926,0.821458904465077,Safety w2
FD004,test,gru_safety_mse,safety_w3_h64_l1_w30,44,30,130,64,1,0.2,0.001,none,safety_mse,50.0,3.0,3.0,23.89226322498861,17.473475175519145,4111.76195154608,9.584460875859897,11.567588574252138,0.3669354838709677,4.076111678154238,D:\Beihang\Cmaps_RULE\reports\tables\deep_ablations\fd004\seed_44\safety_w3_h64_l1_w30\metrics.csv,248.0,16.579685288492257,21.12196155225765,15.60378393050163,15.126486438547264,14.424871992191836,17.439241413394452,0.5362903225806451,8.295356146750912,0.12324136103687046,0.11317058233464271,0.09173089211070476,-0.4088108100292276,-0.41051582163296046,-0.3794896208442906,-0.7105523437640782,0.11820597168575658,-0.40966331583109405,-0.22664504509673983,-0.17270079641402575,0.8413893238895291,Safety w3
